Alpha;Lambda;value
20;0,001;0.6804265975952148
20;0,003 ;0.7361468076705933
20;0,005 ;0.7348906397819519
20;0,007 ;0.7481764554977417
20;0,009 ;0.7546828389167786