Alpha;Lambda;value
20;0.01;0.6315104365348816
20;0.02;0.624098539352417
20;0.03;0.2940705120563507
20;0.04;0.13511618971824646
20;0.05;0.11227964609861374